index,script_id,script_name,source_bytes,source_sha256,file
0,81958399,,0,e3b0c44298fc1c149afbf4c8996fb92427ae41e4649b934ca495991b7852b855,000__id-81958399__BLANK.rb
1,77343326,▼ Modules,0,e3b0c44298fc1c149afbf4c8996fb92427ae41e4649b934ca495991b7852b855,001__id-77343326__▼_Modules.rb
2,97506006,Vocab,5132,046cf8b51eaf5ba32b21680f45cf4717919ac84057ac524a843118fe7962d86d,002__id-97506006__Vocab.rb
3,50901920,Sound,2056,102f2326a7860d2b5f55b52e4802d19dea95976a6d568ceddd044d7384f288bc,003__id-50901920__Sound.rb
4,57856563,Cache,3819,d0655d62e8c289c37db522a02e4aa3f8fbe433d77aec9966a4e37b74049dd5ce,004__id-57856563__Cache.rb
5,42347068,,0,e3b0c44298fc1c149afbf4c8996fb92427ae41e4649b934ca495991b7852b855,005__id-42347068__BLANK.rb
6,30520299,▼ Game Objects,0,e3b0c44298fc1c149afbf4c8996fb92427ae41e4649b934ca495991b7852b855,006__id-30520299__▼_Game_Objects.rb
7,75819864,Game_Temp,2251,f483ac08f05c66ea145e6cdcde169455f045f39fba46c8efa16cafe6ce07f851,007__id-75819864__Game_Temp.rb
8,61166382,Game_System,3087,7ebb2fdd8b7baf8d76266f090eb625f78e36adab7859b55fd3cd9ebce11a0f98,008__id-61166382__Game_System.rb
9,89206701,Game_Message,2986,fef45f4573050bc76580c579ee9ff043a25444bd6b2592741396a0750369639e,009__id-89206701__Game_Message.rb
10,65768432,Game_Switches,1354,61bec22f73cfc209215d5b55ee910cb53894eb14f351fa601245ff10c463b555,010__id-65768432__Game_Switches.rb
11,77770996,Game_Variables,1377,39475d4d63170f98ee595e0e4e10f4faef8660bb50e4f177398acb220829e154,011__id-77770996__Game_Variables.rb
12,93212223,Game_SelfSwitches,1245,85e8db5069f9d62dd1f9b8bb8c801b4fca3f43a221b23f12175b6ef22cf5357e,012__id-93212223__Game_SelfSwitches.rb
13,52755737,Game_Screen,7916,1df872381b8b989484ba3a47afa4bf36905e18ce38a8090cc5b8d493374ac2d2,013__id-52755737__Game_Screen.rb
14,79550171,Game_Picture,5781,b1f4cd9ad378a65241722b9e82e5da78127a28a2ba19e756c27ba635dd782c47,014__id-79550171__Game_Picture.rb
15,52884295,Game_Battler,42538,78b5b00979487ba6c1c088244d93e0939a1de2b0e6869ba603c169d047c11206,015__id-52884295__Game_Battler.rb
16,65931833,Game_BattleAction,13825,e504a70764646f751727a61156873864c2fd89a2b9dca2646e73eed189f53921,016__id-65931833__Game_BattleAction.rb
17,93706232,Game_Actor,26571,b3c2f9efa24e95b0a6356d5aa664ce9926f40832b70d677bd09c015e950b890c,017__id-93706232__Game_Actor.rb
18,19485474,Game_Enemy,10481,1ac10ffa690834357bc65288abae674a2077fa0a841d72f710d44d55487639ac,018__id-19485474__Game_Enemy.rb
19,37972201,Game_Actors,999,ba12a7d3b955061aecc0df6825a1d1e63bbd64924b083ee7a08232f2241f0bb9,019__id-37972201__Game_Actors.rb
20,13350569,Game_Unit,4113,de0e59158f5628633bdeb2962a6a21f33d49b79058c01418efe7223da5680faf,020__id-13350569__Game_Unit.rb
21,20162964,Game_Party,11130,8c65e88e621e7fbcb3aea87fa89d4d28694155107c708cc8db04491780b4bba2,021__id-20162964__Game_Party.rb
22,96014404,Game_Troop,9501,1df871dbfe79ae2d739bf1cb1d89ec068708d1b7d9679cb9860f29378e68161f,022__id-96014404__Game_Troop.rb
23,45114136,Game_Map,20405,99ebcf039c116e303095fec17fa845642645a737e55af453623c2db651172f48,023__id-45114136__Game_Map.rb
24,37136841,Game_CommonEvent,2677,6bd94b4453b1270890dce2c74cf8f5e13c4bc8e39507e9491094169e545e202b,024__id-37136841__Game_CommonEvent.rb
25,85238647,Game_Character,33852,1ddc030e771760a185d9cf2e8375234da90385dad58b03ba634df398a4a41c37,025__id-85238647__Game_Character.rb
26,75787353,Game_Event,6998,7b38c28a350198226f56832e300dfbec1cd8ec6abca48fb94c03229aec07d313,026__id-75787353__Game_Event.rb
27,78045511,Game_Vehicle,6316,bb868cdb628610973a341a14eb1f0ff8302b569483a2ec4bbf360e7d6bd29e8b,027__id-78045511__Game_Vehicle.rb
28,47174434,Game_Player,22321,100e1fd01d13f915bdc364d9b25a5eafd5f00c889bffb4a8e4f7108364cff279,028__id-47174434__Game_Player.rb
29,89128017,Game_Interpreter,60567,b8d0e1c8a62969331bac3ef0a5e5e2fb911fc96ace11b08eb41f0913f65a53d0,029__id-89128017__Game_Interpreter.rb
30,10220196,,0,e3b0c44298fc1c149afbf4c8996fb92427ae41e4649b934ca495991b7852b855,030__id-10220196__BLANK.rb
31,38296836,▼ Sprites,0,e3b0c44298fc1c149afbf4c8996fb92427ae41e4649b934ca495991b7852b855,031__id-38296836__▼_Sprites.rb
32,49788108,Sprite_Base,7693,e026531bc7086496e73b522e94b27c8c18c14e33c7ea55efbc4c0241110f1328,032__id-49788108__Sprite_Base.rb
33,76586914,Sprite_Character,6165,a0a210a567f8e9e92ce4bc55e3d6b6cdd907ee5bda8e20a20130619c3138c403,033__id-76586914__Sprite_Character.rb
34,35537720,Sprite_Battler,6492,19e0c4d6752c8bb3370bbd396877284c868b6d588ccff001f5114354e9b33c37,034__id-35537720__Sprite_Battler.rb
35,18621826,Sprite_Picture,2076,d90816a5b6f79fcfd37f638bea9bb0bd104a8744e2a0facec310f413ffd6a01e,035__id-18621826__Sprite_Picture.rb
36,85012817,Sprite_Timer,1738,0ae6251d91ed3646ef1bf54dc87a0b822454081b943ba93ffbfbfc11fab6d8dc,036__id-85012817__Sprite_Timer.rb
37,43720641,Spriteset_Weather,4750,aeb04a6918e5dda3a09ab555541310671a4d670a2c91a530e7dcbd63701ed4f7,037__id-43720641__Spriteset_Weather.rb
38,2353947,Spriteset_Map,10189,d742b658f7e6b5a08436edd9a75fddd77193ffdd3d575b00fd2f0431578dfe36,038__id-2353947__Spriteset_Map.rb
39,92516995,Spriteset_Battle,9529,39577812b28ed12d2c802e3094164ca6373df9f0184e26ad0eee5a069a9a0459,039__id-92516995__Spriteset_Battle.rb
40,26847708,,0,e3b0c44298fc1c149afbf4c8996fb92427ae41e4649b934ca495991b7852b855,040__id-26847708__BLANK.rb
41,52618418,▼ Windows,0,e3b0c44298fc1c149afbf4c8996fb92427ae41e4649b934ca495991b7852b855,041__id-52618418__▼_Windows.rb
42,30856323,Window_Base,16838,eecc97819a8415752dd95afc726ab9a57f88979bb1ce5187626b7fb7075bc9f7,042__id-30856323__Window_Base.rb
43,61843872,Window_Selectable,9830,76d5458fb29c97d5430b57d2f81d3a3e589f228790ee14111a77de08f3f92400,043__id-61843872__Window_Selectable.rb
44,83996582,Window_Command,2282,f3aa6bd4ff3162e06997466f7ac8fbff6a0ea369c55e0890bec485da12310745,044__id-83996582__Window_Command.rb
45,77997554,Window_Help,1190,685d451798f6b9b6b3227803b8e60482d39f3d0314f6b368dfde2292feb82b0b,045__id-77997554__Window_Help.rb
46,97998046,Window_Gold,949,de086426dde1bf4ecd93a4b4756980c0756f7e25caaf100f39f1a774f72eecdd,046__id-97998046__Window_Gold.rb
47,19290161,Window_MenuStatus,2062,6c7a7528ce8f957175c45ee6385f53749be118f7f3d4a6d8c4ea7cf891da3de8,047__id-19290161__Window_MenuStatus.rb
48,82366943,Window_Item,3178,8630ecc02cc0de670856f497ea9828ad9a3743e41fe4f6e7c993ba26b1783489,048__id-82366943__Window_Item.rb
49,97657,Window_Skill,2413,16168ffcdbc30130e1b82e6337f8b19a751af857686ee12e783191a7e74ad3a1,049__id-97657__Window_Skill.rb
50,97927834,Window_SkillStatus,1135,ab137edf7c16120a2e7b8a712e4cf303c8327c6e8324e492f286495fd45f29f8,050__id-97927834__Window_SkillStatus.rb
51,37017876,Window_Equip,2406,c046ed265c54bfa02ac2dd9ce2865c9c574d454fa1d92c9c8533d7a65afb4758,051__id-37017876__Window_Equip.rb
52,10388623,Window_EquipItem,1888,29e1b971822721a442b3bf5367f2cb64a16f30bb2a146be752226e1ce8d84783,052__id-10388623__Window_EquipItem.rb
53,73541260,Window_EquipStatus,3666,706281be17a3b2b054f7f232e976ce32c44ca40ff6c2c335e99acdd3be163478,053__id-73541260__Window_EquipStatus.rb
54,42657471,Window_Status,3338,e287e33d4f770b2d7b7d6ca93d8a9ff1943839576ddb372f8cf87813b9069381,054__id-42657471__Window_Status.rb
55,81494140,Window_SaveFile,4559,bcad3ed2e2e82dcf7698d609c3ae44e09c9d1040d1fcfc5a46d7de9389884b9d,055__id-81494140__Window_SaveFile.rb
56,98941040,Window_ShopBuy,2438,38199a61154bb5c8250002b40efcebbaafed136d60e5259207997609cac29e9f,056__id-98941040__Window_ShopBuy.rb
57,52413940,Window_ShopSell,1354,193c5b96fca22a434999096ed8357f6f6079057223aebe1a821deed0d17b89f3,057__id-52413940__Window_ShopSell.rb
58,50042725,Window_ShopNumber,2598,92cc3f29a35e38bf14bd8876ce03db3800357572e079b03bb4a2db572a55dafd,058__id-50042725__Window_ShopNumber.rb
59,42938232,Window_ShopStatus,3583,4c16fcfa3e27aca00981c04208d59471723cd9796409fcb8728711f47097dde9,059__id-42938232__Window_ShopStatus.rb
60,77163696,Window_NameEdit,3938,969f7092a2f569a4ea060bd4c58de2ff4424fea915a156028adffdf51c391837,060__id-77163696__Window_NameEdit.rb
61,74963379,Window_NameInput,6511,9910c770ae5999ab0589e6a088fffc999526aa8402e30ff95c21ae08b8680804,061__id-74963379__Window_NameInput.rb
62,12512207,Window_NumberInput,4191,d26dda0ff9a786a1d4f77e275d611b8fb342a636e4156a1881d1d5b405b5ffcc,062__id-12512207__Window_NumberInput.rb
63,47988139,Window_Message,15878,4fee7e248b70261c02f65e388c3f146ed29f71962cbec47ea0bdcafbaf9e4f18,063__id-47988139__Window_Message.rb
64,83594603,Window_BattleMessage,4507,1eca2bcaac5847ec0da0c515818ccf685c75a3facc44c22be7724e021e462836,064__id-83594603__Window_BattleMessage.rb
65,63909912,Window_PartyCommand,788,49a95c048eab22ef9f1f39750bc64782de0ea73242e47a139b1f7698db3cd8b5,065__id-63909912__Window_PartyCommand.rb
66,42946512,Window_ActorCommand,1206,7f077940857d1a1b68478a247a85cb01fc03a9edc4c8f58f54e70d534537b2f7,066__id-42946512__Window_ActorCommand.rb
67,72766194,Window_TargetEnemy,1056,c2154ede36ead7a1f7bb15c204902ec4193089ede010a355cb24c879228a6b3f,067__id-72766194__Window_TargetEnemy.rb
68,78381347,Window_BattleStatus,1799,babbeea6a10b2ec17ee3ae5360648416e0c8a61ea01e1551f00a0bef49312a88,068__id-78381347__Window_BattleStatus.rb
69,70270804,Window_DebugLeft,2384,71e3a6281db4761addce5fee22513985cd2fd62736aba92ede886e2ec8c7d6a5,069__id-70270804__Window_DebugLeft.rb
70,74315432,Window_DebugRight,3035,4474e8ad9196c821f3a551bfbc2caeb436c1fa8a89bfae148d057177e29a4966,070__id-74315432__Window_DebugRight.rb
71,8761643,,0,e3b0c44298fc1c149afbf4c8996fb92427ae41e4649b934ca495991b7852b855,071__id-8761643__BLANK.rb
72,70955878,▼ Scenes,0,e3b0c44298fc1c149afbf4c8996fb92427ae41e4649b934ca495991b7852b855,072__id-70955878__▼_Scenes.rb
73,87906638,Scene_Base,3844,e20a112766dfe422797b3ed7a039a7ef3892d73569085116db11e72e3cb5187e,073__id-87906638__Scene_Base.rb
74,48831177,Scene_Title,10862,2df082cbb434e67dad167e36c4bdea21574add936945862c007be7d2b17b8177,074__id-48831177__Scene_Title.rb
75,29223633,Scene_Map,10651,b8113fbb860b1f821e2420a2e924162f57c0293d41a2f9f9200004aacf72bd3e,075__id-29223633__Scene_Map.rb
76,95355584,Scene_Menu,5244,f424b94c061472611b69060856801a32cc143e7232736e0c48dbc5a130f6ad8a,076__id-95355584__Scene_Menu.rb
77,21041870,Scene_Item,6343,815eda45ecfcba040cdf104030e7a1a89288be44e1482da081c3c9a69e795c75,077__id-21041870__Scene_Item.rb
78,97256469,Scene_Skill,7804,3ecf15ffa9278280d31e4654e1a347eb4e2cb9186ad4b3a72b2eb0354f6840c8,078__id-97256469__Scene_Skill.rb
79,82235717,Scene_Equip,7047,1dff58b827a164f16ddcaaade408d111eee5b18f486db3667def9451d97f01a4,079__id-82235717__Scene_Equip.rb
80,95739746,Scene_Status,2724,43731bdc83fe513aef6857e8e4f58355608c72f678cf07cf313d184b42f18e1a,080__id-95739746__Scene_Status.rb
81,71942138,Scene_File,9222,60626589f81e6f4aa32aa4c42578ac6a83f2a754e666a9dd652bdd9d4ff495da,081__id-71942138__Scene_File.rb
82,79702758,Scene_End,5053,884bf9e2a5e546ce11da663ae06adf4f55ec058ab142f3042771e4ffa3b90e0e,082__id-79702758__Scene_End.rb
83,40350342,Scene_Shop,8408,5da5ebf89b91e9cb1ca4e1a9b89673be070ecbb01c10cca040616cd155f4e7c3,083__id-40350342__Scene_Shop.rb
84,45690918,Scene_Name,2642,7834f282778aec4fb9c7d4276a1965acff51892762873c674464942e165d9788,084__id-45690918__Scene_Name.rb
85,44960761,Scene_Debug,4541,f91652d9320e21419122c8282eff1ca2d45065a17de624d866cac707e2918f46,085__id-44960761__Scene_Debug.rb
86,24767163,Scene_Battle,43947,5c6c94a33c6fa9ef5e8dfc6ec01e0e766b60f2a0b8f90fa248fbe3d3d7ae301a,086__id-24767163__Scene_Battle.rb
87,19266,Scene_Gameover,2149,cd0add9ece27796195c348e8a544346d8cdf3f8bae41807a08c1896b20226c48,087__id-19266__Scene_Gameover.rb
88,89262521,,0,e3b0c44298fc1c149afbf4c8996fb92427ae41e4649b934ca495991b7852b855,088__id-89262521__BLANK.rb
89,76245582,▼ Materials,0,e3b0c44298fc1c149afbf4c8996fb92427ae41e4649b934ca495991b7852b855,089__id-76245582__▼_Materials.rb
90,13324361,,0,e3b0c44298fc1c149afbf4c8996fb92427ae41e4649b934ca495991b7852b855,090__id-13324361__BLANK.rb
91,41853801,<README/How to Install>,3902,ebb64fdeccf556bd6d5a26cf4c3d347d39f28e8900af3c67f803b7b4a27a7f05,091__id-41853801___README_How_to_Install_.rb
92,57871987,<FAQ>,4291,4a231163e676f9b21ed285bec0370189e6a4e42e91237102e0e1dd7840e5917f,092__id-57871987___FAQ_.rb
93,96928113,<Release Notes>,7145,c0e365f3d0a87bc0e5b96441390bcd9df659bd505864a6ebcbfeb8449f4573c9,093__id-96928113___Release_Notes_.rb
94,38309378,<Kaduki Battlers Info>,545,e7a70cf07a681dc087b240e18271b40a8e2e4de2dc04166c876aea086e5556d4,094__id-38309378___Kaduki_Battlers_Info_.rb
95,73174584,,0,e3b0c44298fc1c149afbf4c8996fb92427ae41e4649b934ca495991b7852b855,095__id-73174584__BLANK.rb
96,95592629, | Core Scripts |,673,195ac0dabc2bb311c99199c86f9636c81834a434a60357abf953b3a252d6a6a4,096__id-95592629_____Core_Scripts__.rb
97,71935311,SBS Configurations (K),78802,6fd97c50f192d3ef85980a5f0f15a765db46fb63bf65a6cf5b5ca8b0e33bf3cc,097__id-71935311__SBS_Configurations_(K).rb
98,85954847,Sideview 1 (3.3),84378,fdb2bb237199187aa90d8ce01d30a602687a13034f06151765ae5e68d068e12e,098__id-85954847__Sideview_1_(3.3).rb
99,71988175,Sideview 2 (3.3),101073,2964c88f2927a7eba82454ad5715ef6ec42d82562e7c802a5843ee5fe067ec53,099__id-71988175__Sideview_2_(3.3).rb
100,21987481,,0,e3b0c44298fc1c149afbf4c8996fb92427ae41e4649b934ca495991b7852b855,100__id-21987481__BLANK.rb
101,84893678, | Optional SBS Add-Ons |,0,e3b0c44298fc1c149afbf4c8996fb92427ae41e4649b934ca495991b7852b855,101__id-84893678_____Optional_SBS_Add-Ons__.rb
102,22566741,[REMOVED FROM CLEAN BASE] Enemy Gauge Addon,0,e3b0c44298fc1c149afbf4c8996fb92427ae41e4649b934ca495991b7852b855,102__id-22566741__[REMOVED_FROM_CLEAN_BASE]_Enemy_Gauge_Addon.rb
103,67988162,CG Animated Pet Enemies v0.2.1,2020,a21301710fb044b170faf4edf6c0b0982bdc6d72f509eaaea2a1ac1908f36203,103__id-67988162__CG_Animated_Pet_Enemies_v0.2.1.rb
104,98743244,[REMOVED FROM CLEAN BASE] Bubs' Bow Addon (K),0,e3b0c44298fc1c149afbf4c8996fb92427ae41e4649b934ca495991b7852b855,104__id-98743244__[REMOVED_FROM_CLEAN_BASE]_Bubs'_Bow_Addon_(K).rb
105,16752769,[REMOVED FROM CLEAN BASE] Guns Action Sequence (K),0,e3b0c44298fc1c149afbf4c8996fb92427ae41e4649b934ca495991b7852b855,105__id-16752769__[REMOVED_FROM_CLEAN_BASE]_Guns_Action_Sequence_(K).rb
106,25587655,[REMOVED FROM CLEAN BASE] NightWalker's Sample Skills,0,e3b0c44298fc1c149afbf4c8996fb92427ae41e4649b934ca495991b7852b855,106__id-25587655__[REMOVED_FROM_CLEAN_BASE]_NightWalker's_Sample_Skills.rb
107,30472435,[REMOVED FROM CLEAN BASE] Default Scope Options Addon,0,e3b0c44298fc1c149afbf4c8996fb92427ae41e4649b934ca495991b7852b855,107__id-30472435__[REMOVED_FROM_CLEAN_BASE]_Default_Scope_Options_Addon.rb
108,6377774,,0,e3b0c44298fc1c149afbf4c8996fb92427ae41e4649b934ca495991b7852b855,108__id-6377774__BLANK.rb
109,34429736, | Independent Scripts |,0,e3b0c44298fc1c149afbf4c8996fb92427ae41e4649b934ca495991b7852b855,109__id-34429736_____Independent_Scripts__.rb
110,43913360,[REMOVED FROM CLEAN BASE] Battle Background,0,e3b0c44298fc1c149afbf4c8996fb92427ae41e4649b934ca495991b7852b855,110__id-43913360__[REMOVED_FROM_CLEAN_BASE]_Battle_Background.rb
111,70392325,[REMOVED FROM CLEAN BASE] Level Up Display Window,0,e3b0c44298fc1c149afbf4c8996fb92427ae41e4649b934ca495991b7852b855,111__id-70392325__[REMOVED_FROM_CLEAN_BASE]_Level_Up_Display_Window.rb
112,14607367,,0,e3b0c44298fc1c149afbf4c8996fb92427ae41e4649b934ca495991b7852b855,112__id-14607367__BLANK.rb
113,91000001, | ALBERT CG PROTOTYPE |,0,e3b0c44298fc1c149afbf4c8996fb92427ae41e4649b934ca495991b7852b855,113__id-91000001_____ALBERT_CG_PROTOTYPE__.rb
114,91000005,,0,e3b0c44298fc1c149afbf4c8996fb92427ae41e4649b934ca495991b7852b855,114__id-91000005__BLANK.rb
115,91000011,CG Config v0.5.13,3485,941328f56753eae0d21b50bef98938e558803d8cef645fa9ce45bc833aecee15,115__id-91000011__CG_Config_v0.5.13.rb
116,91000012,CG Pet Clone Core v0.2.6,23406,1a6496ef1eb603bd0c31fac63ba16c3c0e4ae79650ac62733ea84c58efc36bac,116__id-91000012__CG_Pet_Clone_Core_v0.2.6.rb
117,91000013,CG Prototype Test Data v0.4.1,13012,32440db390bb1431751270a1957d15ce16a4f1d8ac786ccc33a8f21a27ba03d4,117__id-91000013__CG_Prototype_Test_Data_v0.4.1.rb
118,91000014,CG Skill Note Effects v0.2.1,1682,d1555421701301dade46e27f6788f1318a23c515f27dd07f11036ce742f67a7f,118__id-91000014__CG_Skill_Note_Effects_v0.2.1.rb
119,91000015,CG Skill Level Core v1.4,17577,85866424a4acb4c0d0a0894209d9e477a3277a336197f61bd0aacd4ce55503d9,119__id-91000015__CG_Skill_Level_Core_v1.4.rb
120,91000016,CG Pet Lab v0.2.3,7213,faae7b3a419e81f2c2cc680e792a38f5d5849257cc0f40cab826fae7115fe105,120__id-91000016__CG_Pet_Lab_v0.2.3.rb
121,91000017,CG Prototype Dev Tools v0.5.6,13420,f64f34056fa6e2e707d908138b852adf00018100df733b34281faeb8eed899cf,121__id-91000017__CG_Prototype_Dev_Tools_v0.5.6.rb
122,98941041,CG Dual Command Core v0.4.2,17306,1f7f8ba392df9e1183e2719bc43b53040c6518f5b18cb13c79285337fadd956d,122__id-98941041__CG_Dual_Command_Core_v0.4.2.rb
123,98941042,CG Battlefield Grid v0.4.3,20124,a83081646887bcd6d977fe039d0a1c2b967dc97224e606f5fa0910a99f6cb66c,123__id-98941042__CG_Battlefield_Grid_v0.4.3.rb
124,98941043,CG Battle Move Pet Switch v0.5.6,34308,31113fd244fa77a1ced111db177e5ea1209e685fa643ad63ddf9b63c38102176,124__id-98941043__CG_Battle_Move_Pet_Switch_v0.5.6.rb
125,98941044,CG Pet Roster Authority v0.5.6,21350,0b8f2692aebb4433a29d2a47579f321908a6c459c6b88790a7feaca4bb13a5a8,125__id-98941044__CG_Pet_Roster_Authority_v0.5.6.rb
126,14385854,▼ Main Process,0,e3b0c44298fc1c149afbf4c8996fb92427ae41e4649b934ca495991b7852b855,126__id-14385854__▼_Main_Process.rb
127,98941045,CG Owner Pet Rules v0.5.10,28135,d8098eb67423c35a32b00bb4b6a84d12e0d7178119d65a83aa0329ecc24fc0ba,127__id-98941045__CG_Owner_Pet_Rules_v0.5.10.rb
128,98941046,CG Fixed Pet Battle Role v0.5.11,12899,bbbf82f0a450f4afd877866067e1f227958a3626cd3d70f7dca8ddaa2d0c3667,128__id-98941046__CG_Fixed_Pet_Battle_Role_v0.5.11.rb
129,98941047,CG Battle Pair Authority v0.5.12,10330,d13b7b59313c8105cf2a3b2310cdbae25cf9b87bfc30f5f12bcfd44d2669b15e,129__id-98941047__CG_Battle_Pair_Authority_v0.5.12.rb
130,98941048,CG Paired Move Execution Fix v0.5.13,5730,78fa8a059ce364fef9f45ab39da1fed9d5a352907039d6f7c78977b45fed23a2,130__id-98941048__CG_Paired_Move_Execution_Fix_v0.5.13.rb
131,98941049,CG Paired Move Runtime Fix v0.5.14,6808,90c326bb985cc5dad8851a896ffbb0a66ff7672ab1e6fcbf6015c94ce950cdb4,131__id-98941049__CG_Paired_Move_Runtime_Fix_v0.5.14.rb
132,98941050,CG Capture Core v0.6.1,19141,cb472a269a457dd280b8f1fb6b0ebc9c8571b7ab318c40b386915827db34677d,132__id-98941050__CG_Capture_Core_v0.6.1.rb
133,98941051,CG Capture Runtime Fix v0.6.2,6799,9a04e15ab4947d3f19a7a978644317079d21e399551ec4d0e2d4700c4021bd62,133__id-98941051__CG_Capture_Runtime_Fix_v0.6.2.rb
134,98941052,CG Capture Availability Fix v0.6.3,8913,2d6caefb801e2ec5ff1edbce63ff66a0b6cad7b44137806b9f80f035910f311d,134__id-98941052__CG_Capture_Availability_Fix_v0.6.3.rb
135,98941053,CG Capture Input Authority v0.6.4,11508,970063cdb3dab1def393624f5e4fefbee3b976b7862ec31ac0e23b17c818f23a,135__id-98941053__CG_Capture_Input_Authority_v0.6.4.rb
136,98941054,CG Capture Target Runtime Authority v0.6.5,11892,4c64d4d87f6b6347741bb3bb9af17a044fb386c24eb69cf1c4f31f8fdaf7e5a7,136__id-98941054__CG_Capture_Target_Runtime_Authority_v0.6.5.rb
137,98941055,CG Pet Storage v0.7.1,22180,a98113db4ee4194e662ff2686fa5d3b9e40b5be0069a7d744e587b13d96fb2a7,137__id-98941055__CG_Pet_Storage_v0.7.1.rb
138,98941056,CG Pet Storage UI Battle Sprite Fix v0.7.2,9790,12834fc8eb63af23cb4406f3463b00716997adb96abd99438f3b7699178c86a2,138__id-98941056__CG_Pet_Storage_UI_Battle_Sprite_Fix_v0.7.2.rb
139,98941057,CG Pet Growth v0.8.1,20391,3166a870c10978a49c91bb2e492478f00eb79f832cacc4cccec986aaadaad15b,139__id-98941057__CG_Pet_Growth_v0.8.1.rb
140,98941058,CG Universal Growth v0.9.0,15101,bacb25635b46997b94a577642ef29b29546321534c0a2e378be1106e9fea1b18,140__id-98941058__CG_Universal_Growth_v0.9.0.rb
141,98941059,CG Fixed Skill Slots v1.3,20447,9a62d9d4fb3e2fb44ad723f9ecc0787300e79bcf15002e13f9ce44b6ee234730,141__id-98941059__CG_Fixed_Skill_Slots_v1.3.rb
142,98941060,CG Action Order Preview v1.0,12855,7e95b931c39fd48f3b6cd4baf11fc13527c2240a5af616cd5eeb1faf1a8158a1,142__id-98941060__CG_Action_Order_Preview_v1.0.rb
143,11010001,CG Five Rank Job Core v1.3,25419,e6eb58956161875710d06209270dea650c7eb03db4831bd250b2b67c714c96be,143__id-11010001__CG_Five_Rank_Job_Core_v1.3.rb
144,12010001,CG Pet Breeding Core v1.2.2,19752,e9032569db3e30a41695e76ab2c87376d31ef9d82c27e410a0a77d92fc54d44e,144__id-12010001__CG_Pet_Breeding_Core_v1.2.2.rb
145,13010001,CG Grade Rank UI v1.3,3927,aa7eb39c18567ebb4bc2cf37fda89f8bf924d4a167e619a51c8b57edb3993eb6,145__id-13010001__CG_Grade_Rank_UI_v1.3.rb
146,14010001,CG Skill Merchant v1.4,23884,042f9aa92bd6b52c327bb9f723f08a8c5ceedd4ee1c70eff35855f31afab32bd,146__id-14010001__CG_Skill_Merchant_v1.4.rb
147,15010001,CG Pet Evolution v1.5,21961,42292abcbcb463438dea06285621ca60be3a4398ad954ad2119af4510487e1df,147__id-15010001__CG_Pet_Evolution_v1.5.rb
148,16010001,CG Gender Nature Core v1.6,24955,1e1d889ef18bd84f2856f01eeaf533aaac83bd4e8e217f781ebe51bd9a4c58a2,148__id-16010001__CG_Gender_Nature_Core_v1.6.rb
149,16010101,CG Capture Breeding Feedback Fix v1.6.1,14851,bec75247a9db8f35e47ecd45ea6a5c1454939f17e529b3bc5da74a8113eca98c,149__id-16010101__CG_Capture_Breeding_Feedback_Fix_v1.6.1.rb
150,98941061,CG Battlefield HUD v1.7.4,29067,e72bd24cb1762cce20c8e4984047afb1960d7a7a8f210e883724372ee30b5a01,150__id-98941061__CG_Battlefield_HUD_v1.7.4.rb
151,98181010,CG TRGSSX Visual Bridge v0.1,4279,64fb765c6f0fcef98ff8121f151a466796c4bae31c23d2576f96d456528c7efe,151__id-98181010__CG_TRGSSX_Visual_Bridge_v0.1.rb
152,18000001,CG Battle UI v1.8.1a,42680,36ec1a54a912e3a4229b34c2d4470e3688d16edd95112623fdf6877f0374bbc8,152__id-18000001__CG_Battle_UI_v1.8.1a.rb
153,0,CG Party Capacity 4 v1.8.4a,6210,a2472664e174cbc0b68949998b0924da66a939767c29a8732fc1f9319c2a245f,153__id-0__CG_Party_Capacity_4_v1.8.4a.rb
154,0,CG Generic Gauge v0.1,5328,2520b3fd0ea5eed7cadb934d18066c166f9db30380b7a01aac94a16a21d4ae56,154__id-0__CG_Generic_Gauge_v0.1.rb
155,0,CG Battler Sidecar UI v1.8.2b,73672,e56511e1da9e83e5822819eb05220009b6fc43cd7e85dd3e65b22119e050eecb,155__id-0__CG_Battler_Sidecar_UI_v1.8.2b.rb
156,0,CG Runtime Fix v1.8.2b,4615,d26c94e91395eed38867e04933a58723c42a0356fcd789f35a1a5e08c96f78b8,156__id-0__CG_Runtime_Fix_v1.8.2b.rb
157,98941062,CG Battle Interaction Polish v1.8.3,16849,2ee138d9ff8b052433e095fd0d9af49cbca6281de7622bb4d348e711259c825c,157__id-98941062__CG_Battle_Interaction_Polish_v1.8.3.rb
158,98941063,CG Battle Runtime & Status Polish v1.8.3a,16720,c37ec3497886fa322717218f1021c1b7af6eb130d07f1653143f06ccc7d08efe,158__id-98941063__CG_Battle_Runtime_&_Status_Polish_v1.8.3a.rb
159,98941064,CG Battle Visual Polish v1.8.3b,19449,9953d2b23ef972b153ddff2077481d0b32897df7782c71bfc69323c3cc2fc5b4,159__id-98941064__CG_Battle_Visual_Polish_v1.8.3b.rb
160,98941065,CG Battle Window & Link Polish v1.8.3d,13693,97a6a6ac72799abd59ed4395d274c4e6a995d76496c57a2d8682dc9f5f8080c3,160__id-98941065__CG_Battle_Window_&_Link_Polish_v1.8.3d.rb
161,98941066,CG Battle Headstack UI v1.8.3e,19391,1b6d54ea03ca6f4e85821020911e0aafcdefa196e7d6d60085a124fa4d78f93a,161__id-98941066__CG_Battle_Headstack_UI_v1.8.3e.rb
162,98941067,CG Battle Status & Scroll Polish v1.8.3g,9421,1f2f63dd176cc5b23d31d166ce77263cadc78a0ad7a9f1f90ed1c05eb8ba6a53,162__id-98941067__CG_Battle_Status_&_Scroll_Polish_v1.8.3g.rb
163,98941068,CG Battle Status Readability v1.8.4a,21934,2060464b071074e45aa3bc50accf5e2acb1f59dc48bb67a611a44ecd0ad06b0a,163__id-98941068__CG_Battle_Status_Readability_v1.8.4a.rb
164,98941069,CG Battle HUD & Gauge Polish v1.8.4b,13608,cd922e8451a5f065fa4d98fcf8745a063e900bdbca5f106eb254dbd17836a81d,164__id-98941069__CG_Battle_HUD_&_Gauge_Polish_v1.8.4b.rb
165,98941070,CG Solo Trainer System v1.9.0,47454,c63f1b0d0aae395067aa333d3c7fe0a552bd0ee1e7aa2a178e280a2e19f54255,165__id-98941070__CG_Solo_Trainer_System_v1.9.0.rb
166,98941071,CG Solo Trainer Runtime Fix v1.9.0a,16574,212439c56dec5f2d8fc547c561e8319e062e673d8e560f94461cea3242ea5925,166__id-98941071__CG_Solo_Trainer_Runtime_Fix_v1.9.0a.rb
167,98941072,CG Solo Trainer Input Fix v1.9.0b,6430,65ea3d577e4367eb359bca0c23f02180be10da7cfedaef67d6044105e294ed66,167__id-98941072__CG_Solo_Trainer_Input_Fix_v1.9.0b.rb
168,98941073,CG Solo Trainer Move Command Fix v1.9.0c,6953,b54335288afb4fdd6a756902720047445e6d3c069bdace1afcd735d248a98e67,168__id-98941073__CG_Solo_Trainer_Move_Command_Fix_v1.9.0c.rb
169,98941074,CG Solo Trainer Swap Target Fix v1.9.0d,7611,4e96454ccff68d48e3b14084866776b28337f7f850545ae3f2fa09137740d9f3,169__id-98941074__CG_Solo_Trainer_Swap_Target_Fix_v1.9.0d.rb
170,19005,CG Solo Trainer Swap Roster Fix v1.9.0e,8752,e422f5aa6b6b6ffb17d1775e3c18c4bc7e39579939b9526c7c2b8897cc75f4c4,170__id-19005__CG_Solo_Trainer_Swap_Roster_Fix_v1.9.0e.rb
171,98941075,CG Solo Trainer Move Authority v1.9.0f,13934,692825111a2cb6b327c691c824a947abfa10e4975049bb2a07bc1db0bdda5e8c,171__id-98941075__CG_Solo_Trainer_Move_Authority_v1.9.0f.rb
172,98941076,CG Solo Trainer Raw Roster Fix v1.9.0h,13900,fb0b227a5644e9f8cf1e4dfddb4d34f78bfc50baea7069489bbe687b12970af8,172__id-98941076__CG_Solo_Trainer_Raw_Roster_Fix_v1.9.0h.rb
173,98941077,CG Battle Sidecar ItemMax Fix v1.9.0i,3620,449b9135a4e1fc520f9fed21bdc2d589e8d54a12adaab8a9c34faa34e905254f,173__id-98941077__CG_Battle_Sidecar_ItemMax_Fix_v1.9.0i.rb
174,98941078,CG Battle Formation Lock v1.9.1a,4526,cf0689a2860ee43459dff1c2a493d2123075b72ea3810a276a524514b5608d27,174__id-98941078__CG_Battle_Formation_Lock_v1.9.1a.rb
175,98941079,CG Pokemon Combat Data v2.0.1,6257,149ab523de9aec26b168ffd57939a6a699cf92892f436243845a54caaa5151b7,175__id-98941079__CG_Pokemon_Combat_Data_v2.0.1.rb
176,98941080,CG Pokemon Combat Core v2.0.1,32935,4ab74b7df6f92fb66a7ccb33ce1d86c73d276a9f98e54a38fbdbce04f3d309b6,176__id-98941080__CG_Pokemon_Combat_Core_v2.0.1.rb
177,45556864,CG_PMD_Config.rb  v0.3.0,6348,e8298d9e685c46073df8e2d10301c09de42dc93bdadfffd8368efb5cfa129342,177__id-45556864__CG_PMD_Config.rb_v0.3.0.rb
178,22320823,CG_PMD_AnimData,5291955,b45abee2a7c3b38b60bf166e6e702908c83e7a9cdf0946ff2ac3e9764b69f6c0,178__id-22320823__CG_PMD_AnimData.rb
179,45408967,CG_PMD_PetIdentity_Bridge v0.2.1,7629,28dc493a05a35febaea841ee74a426609fbd9b93bf5e642155428928d26e8edd,179__id-45408967__CG_PMD_PetIdentity_Bridge_v0.2.1.rb
180,19082637,CG_PMD_Core.rb  v0.3.0,25871,ee47e48005170c58d6b08c3beb6b9d9e1129f57facbd4241494fd4678dc22090,180__id-19082637__CG_PMD_Core.rb_v0.3.0.rb
181,55696400,CG PMD Tankentai Bridge v0.3.0,2787,0f8b2ba7e2bb45ae23b3a508dddaeb8083ac7e00e5a93b0708fe7b6cca53b959,181__id-55696400__CG_PMD_Tankentai_Bridge_v0.3.0.rb
182,35679880,CG PMD Action Setup v0.4.0,10848,92f68fd53d0fa9f9fa9e2ec52ad92e7f74312a030e46f918850fdb71cc4a1db2,182__id-35679880__CG_PMD_Action_Setup_v0.4.0.rb
183,98941284,CG Pokemon Species 0001-0026 Registry v2.0.3a,24842,fd4055202fca625a5ee3820fb957ea125433819231915e640128cb7fdbe7ce0c,183__id-98941284__CG_Pokemon_Species_0001-0026_Registry_v2.0.3a.rb
184,900183,CG PMD Direct Actor Party v0.1.1,9138,25e15d5822dec0a3a7e5e84e0501659cf842cc0aa7554fb011bae01d1a4877a8,184__id-900183__CG_PMD_Direct_Actor_Party_v0.1.1.rb
185,98941286,CG Pokemon Species26 Battle Content v2.0.5,27592,1d8a93b980fa92b5808976755476148a623a94640eeab4be793b478092971ffc,185__id-98941286__CG_Pokemon_Species26_Battle_Content_v2.0.5.rb
186,20501,CG Pokemon Species26 Auto Evolution v2.0.5a,13117,465123e1469d1154d9f1a2e609fbb10a464ef7c665c9632c18d5b483f00a6d0c,186__id-20501__CG_Pokemon_Species26_Auto_Evolution_v2.0.5a.rb
187,82110001,CG Pokemon Six Stat & 4v4 Damage Core v2.1.0,39425,03cdaf1902a7c3b91183cd36a47fdfd13267aa440cb7e34dc96eb68338583c7a,187__id-82110001__CG_Pokemon_Six_Stat_&_4v4_Damage_Core_v2.1.0.rb
188,0,CG Human Six Stat & 4v4 Balance v2.1.1,13509,2f548da0341f4b2038dd0f7fb5b386ea1756c3c80d8bc349b8c077f6d5901242,188__id-0__CG_Human_Six_Stat_&_4v4_Balance_v2.1.1.rb
189,82200001,CG Pokemon Master Data 0001-0494 v2.2.0,430056,5242f600aee3866c4b75bd317be76c6c459d4915ac679894856dbb3e0640215c,189__id-82200001__CG_Pokemon_Master_Data_0001-0494_v2.2.0.rb
190,98941287,CG Pokemon Move Effect Core v2.3.0,40364,854e37b9d07cf5629f9e22671d665f25cb2f0f0443f290840f90b7ea1dbf34e9,190__id-98941287__CG_Pokemon_Move_Effect_Core_v2.3.0.rb
191,98941288,CG Pokemon Move Effect Unique Fix v2.3.1,24972,8e17c85da00e596b8280f5bde2b777e1d146e5a6f833291ebd05d0527a545c30,191__id-98941288__CG_Pokemon_Move_Effect_Unique_Fix_v2.3.1.rb
192,98941290,CG Pokemon Protect Guard Action Dedup v2.3.2b,8599,336d105a4316fb0205cfa9f939810dda188d1ddb04b84c40445baa2c26e82dd3,192__id-98941290__CG_Pokemon_Protect_Guard_Action_Dedup_v2.3.2b.rb
193,98941289,CG Pokemon Action Priority + Auto Regression v2.3.2c,37019,9658d3dbac92dab9dbfe3163bc0958488e03740d82e66556f1ca9b228bc73fd8,193__id-98941289__CG_Pokemon_Action_Priority_+_Auto_Regression_v2.3.2c.rb
194,1153467378,CG Pokemon Field Move Core + Auto Regression v2.3.3a,50535,05eeaa0d0b2b5da29e01649d208329d49ff5fb7a063673449a92d40db3e5a107,194__id-1153467378__CG_Pokemon_Field_Move_Core_+_Auto_Regression_v2.3.3a.rb
195,1153467379,CG Pokemon Unique Move Batch B v2.3.4g,84452,6d6f67fff4fa459ca9356cb0bd3350864f998673a0ee47230541087722253d19,195__id-1153467379__CG_Pokemon_Unique_Move_Batch_B_v2.3.4g.rb
196,98941285,CG PMD BattleInit RootFix v0.2.0,10186,371d1ed32accdc0f92b12d76f1fa9fdf81c2c74500ccd46519746d2887995c88,196__id-98941285__CG_PMD_BattleInit_RootFix_v0.2.0.rb
197,98941081,CG PMD AutoTest Harness v0.5.0,24498,6039e8116d014b160b135566d8a1473ee893c32e9883b186284871e4454431c8,197__id-98941081__CG_PMD_AutoTest_Harness_v0.5.0.rb
198,2350001,CG Pokemon Force Switch + Hazard Core v2.3.5a,40608,a5b5765d04cec0c6df865d6171f81db5cba2dca3adebfd25c43b1779f0f8f896,198__id-2350001__CG_Pokemon_Force_Switch_+_Hazard_Core_v2.3.5a.rb
199,0,CG Pokemon Unique Move Batch C v2.3.6c,52033,6e583fd80e4ea672bc50973b218e31aef6cbdd6edee87cd51d737a7f1e0d2521,199__id-0__CG_Pokemon_Unique_Move_Batch_C_v2.3.6c.rb
200,2370001,CG Pokemon Unique Move Batch D v2.3.7a,43437,78c7b8ae8aeabf72d6503492a68efcfe740e56d9c247f48c43e970db44298a57,200__id-2370001__CG_Pokemon_Unique_Move_Batch_D_v2.3.7a.rb
201,1153467380,CG Pokemon Unique Move Batch E v2.3.8a,52661,fd079594db327a8f302058bbf95c25897ce2017347b1b7878682705b709aa9fd,201__id-1153467380__CG_Pokemon_Unique_Move_Batch_E_v2.3.8a.rb
202,2390001,CG Pokemon Unique Move Batch F v2.3.9a,40266,e223592b261eda44e7f887dd27c17c7f56bbf4ce477ab9311b6f4da89a3ae79e,202__id-2390001__CG_Pokemon_Unique_Move_Batch_F_v2.3.9a.rb
203,1153467381,CG Pokemon Unique Move Batch G v2.4.0a,43868,12af1c9e7baed0e6ab23e408344cac2002db8b36fef221b51f913acf322cff0a,203__id-1153467381__CG_Pokemon_Unique_Move_Batch_G_v2.4.0a.rb
204,1153467382,CG Pokemon Unique Move Batch H v2.4.1b,48213,9ca73874aeb06db3a4ed06e770bda978e11178eb36d258d3d21b909656b4e7e6,204__id-1153467382__CG_Pokemon_Unique_Move_Batch_H_v2.4.1b.rb
205,1153467383,CG Pokemon Unique Move Batch I v2.4.2c,63036,b0da2cb5fd73becc3e3633095eae18cad198dc429ef2016ac621e7ff8447c865,205__id-1153467383__CG_Pokemon_Unique_Move_Batch_I_v2.4.2c.rb
206,2041447110,CG Pokemon Unique Move Batch J v2.4.3,49610,4f16ff68d0ace3d59b64e159b9808da09c0cf9b4df67bcd781a97fe9fda4867f,206__id-2041447110__CG_Pokemon_Unique_Move_Batch_J_v2.4.3.rb
207,592387554,CG Pokemon Held Item Core v2.4.4,23107,32305b8f3fcdcd99f388ec04bcda617af7c7348109931fad982941883875c54b,207__id-592387554__CG_Pokemon_Held_Item_Core_v2.4.4.rb
208,1642270922,CG Pokemon Unique Move Batch K v2.4.4a,43668,ff0f9f504659b21a518e14f208294999cf1dba97815026147f4631ed25414c8b,208__id-1642270922__CG_Pokemon_Unique_Move_Batch_K_v2.4.4a.rb
209,245000002,CG Pokemon Unique F Regression RNG Isolation v2.4.5a,3160,e20df0822cad092219bdcb3bef72db21ee68eb3a9f1b925802c1b3e45992ede3,209__id-245000002__CG_Pokemon_Unique_F_Regression_RNG_Isolation_v2.4.5a.rb
210,2041447111,CG Pokemon Unique B Regression Damage Isolation v2.4.5b,4400,c99ed7c847cba0cc69eff18e9ba78feb952a55f94c534dcad00d689b04212f35,210__id-2041447111__CG_Pokemon_Unique_B_Regression_Damage_Isolation_v2.4.5b.rb
211,245000001,CG Pokemon Full Move Lifecycle AutoRegression v2.4.5b,22499,eafc6f236684b885a5eceeba5381759ec938e82060a05179b1589b0ed4138278,211__id-245000001__CG_Pokemon_Full_Move_Lifecycle_AutoRegression_v2.4.5b.rb
212,2041447112,CG Pokemon Ability Runtime Core v2.5.0,18775,9cc490cbdbe35b68419f408e31d344acbefe6b93e3f48c258b6d6ace9b321fd9,212__id-2041447112__CG_Pokemon_Ability_Runtime_Core_v2.5.0.rb
213,2041447113,CG Pokemon Ability Batch A v2.5.0b,38157,397962857c94c87554fde54f45e3901da0ff2140158cccfaffa485c47203b0ea,213__id-2041447113__CG_Pokemon_Ability_Batch_A_v2.5.0b.rb
214,251000001,CG Pokemon Ability Guard Authority v2.5.1,5498,8fa70c71f6ba84a6a2584d322b67c79ae7fa2dd2d0b42ffbc76f5cef43b42d83,214__id-251000001__CG_Pokemon_Ability_Guard_Authority_v2.5.1.rb
215,251000002,CG Pokemon Ability Batch B v2.5.1,31853,3de0e3c04eeb54ce3dc3f316fa3455618e183655b46efad260886912806c7451,215__id-251000002__CG_Pokemon_Ability_Batch_B_v2.5.1.rb
216,252000001,CG Pokemon Ability Weather Authority v2.5.2,5180,cd58e44a1e807fc89346b4ee6849c39b7e99b941ed24e7975530435ce9258ad8,216__id-252000001__CG_Pokemon_Ability_Weather_Authority_v2.5.2.rb
217,252000002,CG Pokemon Ability Batch C v2.5.2a,36031,7186b09e5838257b87879a2237db63c0d9531fa2677af469d78f73a83ae04673,217__id-252000002__CG_Pokemon_Ability_Batch_C_v2.5.2a.rb
218,253000001,CG Pokemon Ability Modifier Authority v2.5.3,5629,d289af7bc659f260363b56bf672967496c8a0182e580cc42f492ae7a616de3d8,218__id-253000001__CG_Pokemon_Ability_Modifier_Authority_v2.5.3.rb
219,253000002,CG Pokemon Ability Batch D v2.5.3,35359,8c8caeb050b497968e664e70a0ede45fda349e4c32c2851a1e2425cae1c319cf,219__id-253000002__CG_Pokemon_Ability_Batch_D_v2.5.3.rb
220,254000001,CG Pokemon Ability Damage Role Authority v2.5.4,3360,9d07c224bd48254a4154385e5cefcb0f52bb4a3ef00c7931316632de3d310c46,220__id-254000001__CG_Pokemon_Ability_Damage_Role_Authority_v2.5.4.rb
221,254000002,CG Pokemon Ability Batch E v2.5.4,32080,2fd5a9bbe48b25d1ff33e713662654f350a116576a59a8517f220541950a464b,221__id-254000002__CG_Pokemon_Ability_Batch_E_v2.5.4.rb
222,255000001,CG Pokemon Ability Status Interaction Authority v2.5.5,11649,dccf24d5b720eb5ea85390c6d2b1efbc105f74a128e39f7215ec2b6f70e46594,222__id-255000001__CG_Pokemon_Ability_Status_Interaction_Authority_v2.5.5.rb
223,255000002,CG Pokemon Ability Batch F v2.5.5a,33440,d4cd927f6bf7983bbc5b0cbed46e70418bd1a165c1db26f8e2a4806181dfe32e,223__id-255000002__CG_Pokemon_Ability_Batch_F_v2.5.5a.rb
224,256000001,CG Pokemon Ability Stat Guard Authority v2.5.6,11312,8f2aec200288131fc73e89a1ee6a08f77bfdfb688c7b193a6c595bea2791aeb8,224__id-256000001__CG_Pokemon_Ability_Stat_Guard_Authority_v2.5.6.rb
225,256000002,CG Pokemon Ability Batch G v2.5.6,27787,3bee849398dfff9af7f500648463cc1ab37d14eecc6750032aba68307a717508,225__id-256000002__CG_Pokemon_Ability_Batch_G_v2.5.6.rb
226,257000001,CG Pokemon Ability Accuracy + Activation Authority v2.5.7,13204,a54f768782ae97c2ade609ce8fd158bbe874b3d4d3f6ecb3d5a20b6dc863d78b,226__id-257000001__CG_Pokemon_Ability_Accuracy_+_Activation_Authority_v2.5.7.rb
227,257000002,CG Pokemon Ability Batch H v2.5.7,32235,5b412854e2541cc95ab1b24e0e4d7320641d9aac988e68a600f3c148ed3ce1b5,227__id-257000002__CG_Pokemon_Ability_Batch_H_v2.5.7.rb
228,258000001,CG Pokemon Ability Conditional Stat + Tempo Authority v2.5.8,18441,494d83563d0c55325ed426c2a7ebadff656b54c55d5149f78de138c867db77f4,228__id-258000001__CG_Pokemon_Ability_Conditional_Stat_+_Tempo_Authority_v2.5.8.rb
229,258000002,CG Pokemon Ability Batch I v2.5.8,33414,6022763d82040bce5b9d8e300b02e19756e0e695d1b29ab648ef56dd02e28ab7,229__id-258000002__CG_Pokemon_Ability_Batch_I_v2.5.8.rb
230,259000001,CG Pokemon Ability Stat Dynamics Authority v2.5.9,11370,490e2dd23c6aeaec53787440075f3cf53310f0c640c96bf57488ebd88094e0de,230__id-259000001__CG_Pokemon_Ability_Stat_Dynamics_Authority_v2.5.9.rb
231,259000002,CG Pokemon Ability Batch J v2.5.9,27544,efe8491172125cb884501ae85e0cb24ba9912eac9cb76becf90133bb8df2ba0e,231__id-259000002__CG_Pokemon_Ability_Batch_J_v2.5.9.rb
232,251000001,CG Pokemon Ability Secondary + Move Property Authority v2.5.10a,20304,f725910008687a8fd5fc41f5b019d3288ade13666d805d3546962e927d243b6a,232__id-251000001__CG_Pokemon_Ability_Secondary_+_Move_Property_Authority_v2.5.10a.rb
233,251000002,CG Pokemon Ability Batch K v2.5.10a,29153,b639d8ebfb5d324d96697c7626f969cdf101333882c1c9876f2ce03ba108cfd1,233__id-251000002__CG_Pokemon_Ability_Batch_K_v2.5.10a.rb
234,251100001,CG Pokemon Ability Batch L v2.5.11a,34867,0f138939f605ccc0c53c361cf980eb7cfd19f1bd4c068171c0bf0521a9810962,234__id-251100001__CG_Pokemon_Ability_Batch_L_v2.5.11a.rb
235,251200001,CG Pokemon Ability Batch M v2.5.12a,37755,51039abb9eb01449eefbb2fc19ac13c15cfe71cfeb2a1b755ecc62072d44b267,235__id-251200001__CG_Pokemon_Ability_Batch_M_v2.5.12a.rb
236,251300001,CG Pokemon Ability Batch N v2.5.13,36831,00a88be4697a56b1d0c12bc21fc3b6c45d0faccd0c38bdafb1de7b3b652423b1,236__id-251300001__CG_Pokemon_Ability_Batch_N_v2.5.13.rb
237,251400011,CG Pokemon Ability Batch O v2.5.14a,33755,dfc792292bc15475cb39d32b0f687e7e5ee52ea2e3f563293165f4f9f21e2e7f,237__id-251400011__CG_Pokemon_Ability_Batch_O_v2.5.14a.rb
238,251500011,CG Pokemon Ability Batch P v2.5.15a,28908,a7a8d36e2f4be3ab255867f2cf8478d12b4e2f91e610155a68d7ee39127ee610,238__id-251500011__CG_Pokemon_Ability_Batch_P_v2.5.15a.rb
239,251600011,CG Pokemon Ability Batch Q v2.5.16a,31506,c5c3abbc579deff6eb00411e30bf6d5e021518bbe1598fd35db990d857e66ed8,239__id-251600011__CG_Pokemon_Ability_Batch_Q_v2.5.16a.rb
240,251700002,CG Pokemon Ability Batch R v2.5.17a,34010,f6416947b62f19b2223807be7dcd602fe27139a921c24df96f3d81d37178656b,240__id-251700002__CG_Pokemon_Ability_Batch_R_v2.5.17a.rb
241,251800001,CG Pokemon Ability Batch S v2.5.18,36791,da0ffea9fff168dcfcad6c8ed020de286b9d93cc4916ea3f874b2a0691f98511,241__id-251800001__CG_Pokemon_Ability_Batch_S_v2.5.18.rb
242,251900002,CG Pokemon Ability Batch T v2.5.19a,38394,e5e532ebedf61a0670eb835992f2d2f7eb6f2c7173e8f5169a561d9025e55977,242__id-251900002__CG_Pokemon_Ability_Batch_T_v2.5.19a.rb
243,2041447114,CG Pokemon Ability Batch U v2.5.20,42940,2e1e382fb2181916b38c7e327646cb016f5e8c861b32b5e17ebc721d98c70f26,243__id-2041447114__CG_Pokemon_Ability_Batch_U_v2.5.20.rb
244,252100002,CG Pokemon Ability Batch V v2.5.21,39152,399784ebffb1dea88414fb3a0781815316d3e52621e3d7dc0a70d588b3734b3c,244__id-252100002__CG_Pokemon_Ability_Batch_V_v2.5.21.rb
245,2041447115,CG Pokemon Ability Batch W v2.5.22,31266,2eb001f7893ec28d36d3b802e66b6e4cfecbc10d55df7189e0511b5b2ff849bb,245__id-2041447115__CG_Pokemon_Ability_Batch_W_v2.5.22.rb
246,252300001,CG Pokemon Ability Batch X v2.5.23a,32138,aa2fe6ce0b2435cee17070e151e787261f9f8857d6eb23074d3bf4ff64aaa889,246__id-252300001__CG_Pokemon_Ability_Batch_X_v2.5.23a.rb
247,252400005,CG Pokemon Ability Batch Y v2.5.24f,59469,aaa7ffcc26da49c3596d3ecc1cd1f336c84e0cbc19f643ea61107c737c10d9d4,247__id-252400005__CG_Pokemon_Ability_Batch_Y_v2.5.24f.rb
248,252500001,CG Pokemon Ability Batch Z v2.5.25,47555,727d31406cef8eb1f512cc91b44bf9d9d057a29914da4e1ee21410ebe22d7175,248__id-252500001__CG_Pokemon_Ability_Batch_Z_v2.5.25.rb
249,252600002,CG Pokemon Ability Batch AA v2.5.26c,54406,7dc5815a322d080627582bd39f31c121a6507a14225a06df9ed1cde24804b5e2,249__id-252600002__CG_Pokemon_Ability_Batch_AA_v2.5.26c.rb
250,244400002,CG Pokemon Unique K Runtime Instrumentation Guard v2.4.4b,2494,bb54f881892fb48913b7818a08f4fabfd7634528149f762b54eb248c8fa94883,250__id-244400002__CG_Pokemon_Unique_K_Runtime_Instrumentation_Guard_v2.4.4b.rb
251,252700002,CG Pokemon Ability Batch AB v2.5.27b,43734,c1a9bd7d00f9f7bf0dcb635154a63a1fc02792b61d205b87147b3fbf7087dfc9,251__id-252700002__CG_Pokemon_Ability_Batch_AB_v2.5.27b.rb
252,252800001,CG Pokemon Ability Batch AC v2.5.28a,40354,b7c6eb18831bb77b1086ccf6c40050841d8d85bfd8fe031161e4e175a69e8d83,252__id-252800001__CG_Pokemon_Ability_Batch_AC_v2.5.28a.rb
253,252900002,CG Pokemon Ability Batch AD v2.5.29b,37960,a1e6ccfabcf1ab81d478eaadcb5db284d2846b0ac01c254c9d2a52ef0b04089e,253__id-252900002__CG_Pokemon_Ability_Batch_AD_v2.5.29b.rb
254,230000001,CG Pokemon Sideview Perish Lifecycle Bridge v2.3.0a,6037,86e0a85006dac49ec2c6e15e3d0ba2cc47e0814498b561f60c6cc60a54594a81,254__id-230000001__CG_Pokemon_Sideview_Perish_Lifecycle_Bridge_v2.3.0a.rb
255,253000004,CG Pokemon Ability Batch AE v2.5.30b,52248,ceecd0118db8e203e410386749ad41c48cf39e8d2ca0d6a1d4a1dc8e7cb7c8e8,255__id-253000004__CG_Pokemon_Ability_Batch_AE_v2.5.30b.rb
256,253100001,CG Pokemon Ability Batch AF v2.5.31a,52868,f97fddb6bfa5d3588e479d3149260ceeedff46b5eb86b312ca5a4251dd0c3159,256__id-253100001__CG_Pokemon_Ability_Batch_AF_v2.5.31a.rb
257,253201001,CG Pokemon Ability Batch AG v2.5.32a,48563,fc4401f5bcc52cffd6330b84d434c0a4ee5f424bab8751179997119587a77e26,257__id-253201001__CG_Pokemon_Ability_Batch_AG_v2.5.32a.rb
258,253300002,CG Pokemon Ability Batch AH v2.5.33c,49683,1fbdbaedc7c6d73e1c578edbc87b86349a179fd609897436c0219dea31905a78,258__id-253300002__CG_Pokemon_Ability_Batch_AH_v2.5.33c.rb
259,259000001,CG Pokemon Ability Batch AI v2.5.34a,42443,937fbb13774c3f70f2b7e6ee9630d38faa3ebdf90c2641b1c7d1fb2d004703f4,259__id-259000001__CG_Pokemon_Ability_Batch_AI_v2.5.34a.rb
260,260000002,CG Pokemon Ability Batch AJ v2.5.35b,40093,748d7c6946c5fccf5e385b2474e099b080eae07f5ffc8fe440d0fd140a95eb3f,260__id-260000002__CG_Pokemon_Ability_Batch_AJ_v2.5.35b.rb
261,261000002,CG Pokemon Ability Batch AK v2.5.36a,39716,5ed583f7f1519a48e3e37418253e3bb2be102af73f7dfc73cd2479fc84dc0ff9,261__id-261000002__CG_Pokemon_Ability_Batch_AK_v2.5.36a.rb
262,262000001,CG Pokemon Ability Batch AL v2.5.37a,35715,ab9597bfcc0c113577d2a6da7159971703b80b257ba96798736dc74e699ff9a9,262__id-262000001__CG_Pokemon_Ability_Batch_AL_v2.5.37a.rb
263,263000001,CG Pokemon Ability Batch AM v2.5.38,36151,1729696760dcfda504b4efd6f101492c54796e3467267facc61850615fa14827,263__id-263000001__CG_Pokemon_Ability_Batch_AM_v2.5.38.rb
264,264000001,CG Pokemon Ability Batch AN v2.5.39a,36780,3ed939b896264dec4395edaf1668a06eb04c391c4c597d09c5dc46d988e42621,264__id-264000001__CG_Pokemon_Ability_Batch_AN_v2.5.39a.rb
265,265000001,CG Pokemon Ability Batch AO v2.5.40a,30041,2f8fc2a34899a54257aeb57174246514c507a02cf1d745e6eeafebc8ff5d79fa,265__id-265000001__CG_Pokemon_Ability_Batch_AO_v2.5.40a.rb
266,266000001,CG Pokemon Ability Batch AP v2.5.41a,30756,94811d0e55d8ac0fde91e8d534f7d8b31ee95fee914604e15977c5eb94613bfe,266__id-266000001__CG_Pokemon_Ability_Batch_AP_v2.5.41a.rb
267,267000001,CG Pokemon Ability Batch AQ v2.5.42,38794,e81635f24b1020bcb2cf605f99d0d13605babb46dcf2390af9beb9a914471f76,267__id-267000001__CG_Pokemon_Ability_Batch_AQ_v2.5.42.rb
268,268,CG Pokemon Ability Batch AR v2.5.43a,30896,8a2fa5c767bccbdb3db7fa80fbb2fc044855043836d76e8419fec5783e6d2926,268__id-268__CG_Pokemon_Ability_Batch_AR_v2.5.43a.rb
269,269,CG Pokemon Ability Batch AS v2.5.44j,60609,453341a3d0b6f4f43188389d3b4690fa00f475c55e0b01efa56ffe4e8a3f7080,269__id-269__CG_Pokemon_Ability_Batch_AS_v2.5.44j.rb
270,270,CG Pokemon Ability Batch AT v2.5.45a,42378,ae6c83518be24f59fe58aa47cfe258e910ebec5a0f89e4c448cd8abd26cade3c,270__id-270__CG_Pokemon_Ability_Batch_AT_v2.5.45a.rb
271,271,CG Pokemon Ability Batch AU v2.5.46,42527,ceb0e3a52dc98a8b305176ce75d6d2cf6ad0f3a68a40bca0b7c208e7d40fc457,271__id-271__CG_Pokemon_Ability_Batch_AU_v2.5.46.rb
272,272,CG Pokemon Ability Batch AV v2.5.47a,37876,69a5019c514ee72483d368c31361db0b9a0febe553504719b9b4b36e0dbeb83a,272__id-272__CG_Pokemon_Ability_Batch_AV_v2.5.47a.rb
273,273,CG Ability Weather Signature Compatibility v2.5.48a,2152,8c60d5b4ff9a5f30a9977d966aa0350d2f1ac1ff8e76887ca8dccefe492386b0,273__id-273__CG_Ability_Weather_Signature_Compatibility_v2.5.48a.rb
274,274,CG PMD Multi-Hit Ownership Bridge v2.5.53,1894,7b668610301c41e14cc3768663af041726ab816f7e11e88f042e12e609960687,274__id-274__CG_PMD_Multi-Hit_Ownership_Bridge_v2.5.53.rb
275,275,CG Human Six-Class Authority v2.6.0,9274,6e49f9103dff30df2e1dc040adfa230d44dde1cde6a39df795aa31dc257a4f99,275__id-275__CG_Human_Six-Class_Authority_v2.6.0.rb
276,276,CG Human Trait + Skill Tree Authority v2.6.1,15815,98acacc7b99306d43b210e269d25f37212f55a208660c0bb791d4f8532f18aa2,276__id-276__CG_Human_Trait_+_Skill_Tree_Authority_v2.6.1.rb
